alpha_error_original_definition,analysis_nrmse,case,device,forecast_coverage_90,forecast_crps,forecast_interval_width_90,forecast_nrmse,runtime_seconds,seed_index,variant
0.27578240794023523,0.05352867415462384,kol,cuda:2,0.6795857747395834,0.05220835551234565,0.2094761869136588,0.07499903183887913,4.0444996890146285,0,aug
0.04324702359007615,0.05534753060731087,kol,cuda:3,0.8294881184895834,0.05076417173245398,0.2875894005291572,0.07628082246600092,36.04631992196664,0,bma
0.021435211367898055,0.04459695530983763,kol,cuda:2,0.8267618815104166,0.03317444020368442,0.19569329501044364,0.048453080486959815,39.376051648985595,0,gate21
0.005424594422578255,0.045495991822374834,kol,cuda:3,0.8386501736111112,0.03384194149940947,0.20295147607059472,0.04980651906216059,21.79065098403953,0,gate_local
0.02143521685053773,0.04459687562587472,kol,cuda:3,0.8267618815104166,0.03317443519774237,0.19569238602187847,0.04845305343080967,39.88543165195733,0,grid21
0.021435013662296276,0.04459771075588933,kol,cuda:3,0.8268025716145834,0.03317447650026953,0.19570217712471719,0.04845328696956534,39.6070855371654,0,joint21
0.0032136461840840402,0.045616724229191004,kol,cuda:2,0.8453301323784722,0.033960764956498184,0.20603543240551547,0.04996387452406728,22.455309283919632,0,joint_local
0.02143521685053773,0.04459478078786947,kol,cuda:3,0.8267008463541666,0.033173168153381304,0.19567156688243117,0.048450057911789746,39.39971779589541,0,locked21
0.00545224335998773,0.0454801194034778,kol,cuda:2,0.8382364908854166,0.03383260083895326,0.2027315102867081,0.04978723798004276,21.839633530937135,0,locked_local
0.005452243181187644,0.04549097292443108,kol,cuda:3,0.83843994140625,0.03383952404901204,0.2028752602984666,0.04980170482122407,22.174182443879545,0,native
0.02143521685053773,0.044596925174977924,kol,cuda:2,0.8267618815104166,0.033174477779803216,0.19569284235408427,0.04845314920274321,40.10720479511656,0,snr21
0.029997513477447835,0.044461092126935164,kol,cuda:3,0.8229777018229166,0.033280541981798445,0.19574776226414384,0.04869955307463726,21.717889927094802,0,apce_short_window_L1
0.029997513477447835,0.04446109212693518,kol,cuda:3,0.8229777018229166,0.03328054198179853,0.19574776226414248,0.048699553074637435,12.158299170201644,0,apce_short_window_L2
0.029997513477447835,0.04446109212693518,kol,cuda:2,0.8229777018229166,0.03328054198179853,0.19574776226414248,0.048699553074637435,12.242870585992932,0,apce_short_window_L4
0.2098196312165319,0.05421532871769724,kol,cuda:3,0.3260158962673611,0.05161676571117861,0.0702400950787679,0.07215223299369428,4.101642820052803,1,aug
1.6689300497141346e-08,0.05304932886289418,kol,cuda:2,0.6407063802083334,0.03821506442160266,0.12205141673168352,0.06020565541655576,36.25800040317699,1,bma
0.021435216842728755,0.0433241346036006,kol,cuda:3,0.7224663628472222,0.021161576170051516,0.0827865146124141,0.03398265743213574,38.44193297205493,1,gate21
0.005452167090190363,0.04394888821296135,kol,cuda:2,0.7079739040798612,0.021850003057427257,0.08135215436991582,0.034811328428251916,21.720909602940083,1,gate_local
0.02143521685053773,0.043324131994634994,kol,cuda:2,0.7224663628472222,0.02116157537331305,0.08278650159036799,0.033982655654058475,39.087037676014006,1,grid21
0.02143520873399718,0.0433260416731457,kol,cuda:2,0.72247314453125,0.021162601173769544,0.08279056351812146,0.0339843543843066,38.89688497595489,1,joint21
0.00539687026991853,0.04399344517300589,kol,cuda:3,0.7095201280381944,0.02186271898031116,0.08170075775049038,0.034847963447865074,21.570970124797896,1,joint_local
0.02143521685053773,0.04332409029369611,kol,cuda:2,0.7224663628472222,0.02116154975991638,0.08278647724782631,0.033982616695186964,38.74295622622594,1,locked21
0.0054522433800336945,0.04394686212520039,kol,cuda:3,0.7079060872395834,0.02184954151687588,0.0813401416943434,0.03481004846963328,21.68925145594403,1,locked_local
0.0054522433800336945,0.04394819716501267,kol,cuda:3,0.7079332139756944,0.02184990693573581,0.08134574045437348,0.03481084113564392,21.623482084833086,1,native
0.02143521685053773,0.04332412624785882,kol,cuda:3,0.7224663628472222,0.021161572259132597,0.08278649287999167,0.03398265064790727,39.020133689045906,1,snr21
0.029997513477447835,0.043165510096858026,kol,cuda:3,0.7239990234375,0.02105241558446048,0.08324088289527472,0.0339269413784829,12.24170248885639,1,apce_short_window_L1
0.029997513477447835,0.043165510096858026,kol,cuda:2,0.7239990234375,0.02105241558446048,0.08324088289527472,0.0339269413784829,12.254270042059943,1,apce_short_window_L2
0.029997513477447835,0.043165510096858026,kol,cuda:3,0.7239990234375,0.02105241558446048,0.08324088289527472,0.0339269413784829,12.081334792077541,1,apce_short_window_L4
0.026927053157294045,0.036557274890846814,kol,cuda:2,0.7238294813368056,0.03398491626623455,0.13548411343433953,0.04530195944815336,5.597174210939556,2,aug
0.08399996423398381,0.032835748457398346,kol,cuda:3,0.8268703884548612,0.030295351363347593,0.15469105091002733,0.041440624490600736,36.08205551514402,2,bma
0.019973635055284822,0.02762845713993382,kol,cuda:2,0.8978339301215278,0.02325599346102306,0.14121111880375692,0.03166070777158543,49.413424242055044,2,gate21
0.0037225836715323313,0.027845122521467182,kol,cuda:3,0.8802625868055556,0.024163652984476692,0.13986160375935147,0.03307858714288985,21.601700351107866,2,gate_local
0.021435216717932137,0.027594506403149265,kol,cuda:3,0.8981594509548612,0.023118355256442565,0.14061084039819133,0.03147069345721566,39.665263656992465,2,grid21
0.04621733541694539,0.027524135028262335,kol,cuda:3,0.8613416883680556,0.02254354788654587,0.12470336960275624,0.030812043351509524,39.70921991299838,2,joint21
0.06880489328369266,0.0277040664064386,kol,cuda:2,0.85174560546875,0.02240016400890071,0.12137297584724853,0.030557764195657422,21.6924068860244,2,joint_local
0.021435216737339613,0.027586061536903357,kol,cuda:3,0.8984103732638888,0.0231614990517049,0.14091141325566298,0.03152885800436354,39.83964532613754,2,locked21
0.005448811697974509,0.027789448497582747,kol,cuda:2,0.8817070855034722,0.023688740674163586,0.13764853667019908,0.03248110186556241,23.156544660916552,2,locked_local
0.0054449208241142966,0.027790783155412162,kol,cuda:2,0.8817884657118056,0.023694562016458795,0.1376887038987825,0.03248878194127748,21.754578369902447,2,native
0.021435216686221947,0.02758231226437764,kol,cuda:2,0.8984307183159722,0.023173982893622973,0.14098945293485474,0.03154522835132528,39.40351841086522,2,snr21
0.029997513477447835,0.027323170492298512,kol,cuda:2,0.9004991319444444,0.02259089370021396,0.13938795889513714,0.030712830966539147,12.117656975984573,2,apce_short_window_L1
0.029997513477447835,0.027312778194716843,kol,cuda:3,0.9002753363715278,0.02257128933595294,0.13922625332007924,0.03068653671317733,12.16489185905084,2,apce_short_window_L2
0.029997513477447835,0.027312764877561096,kol,cuda:2,0.9002753363715278,0.0225712641441945,0.1392260469022134,0.030686504164386803,12.141143731074408,2,apce_short_window_L4
0.09749416418214296,0.06102821564418275,kol,cuda:3,0.5243937174479166,0.07288743751382147,0.18137756085176238,0.10179091325101376,4.043987726094201,3,aug
0.06039776892631288,0.06231526205976548,kol,cuda:2,0.6462605794270834,0.07175468924951095,0.24088546023676688,0.10378347085681286,36.26660291221924,3,bma
0.02143521674924198,0.048529900664663984,kol,cuda:3,0.6938544379340278,0.04163605143244626,0.15292807932293853,0.06124794950604141,48.92218877701089,3,gate21
0.005452099211536998,0.04960150987498137,kol,cuda:2,0.6869574652777778,0.042726466424696366,0.15431168974209122,0.06264479562926367,21.92771782213822,3,gate_local
0.02143521685053773,0.04852836391950542,kol,cuda:2,0.6937594943576388,0.04163663024645173,0.1529081730025414,0.061248098919279945,38.33495414699428,3,grid21
0.021331911124750635,0.04864805340285296,kol,cuda:2,0.6963365342881944,0.04178765707784829,0.1543484447258945,0.06149493353796133,39.10050926008262,3,joint21
0.10015579171738909,0.04976332798080195,kol,cuda:3,0.6265326605902778,0.04433589014435693,0.13868478193883352,0.06411364074448188,21.48397726402618,3,joint_local
0.02143521685053773,0.04850761908791241,kol,cuda:2,0.6933186848958334,0.04163728580947079,0.1527525336168668,0.06124431663638163,39.371785670053214,3,locked21
0.0054522433800336945,0.04959057252380476,kol,cuda:3,0.6866929796006944,0.042722652731401904,0.15419440970610362,0.06263580219541685,21.28740271902643,3,locked_local
0.0054522433800336945,0.049593742740780586,kol,cuda:3,0.686767578125,0.04272357774601901,0.15422941283614777,0.06263823755308315,21.741475139046088,3,native
0.02143521685053773,0.048525080463405805,kol,cuda:3,0.6936509874131944,0.04163734893427158,0.15287491511957627,0.06124804245596899,39.69298251508735,3,snr21
0.029997513477447835,0.04822051050601227,kol,cuda:3,0.6863335503472222,0.04169125228677725,0.15113318747205687,0.061386660309373904,12.207928756950423,3,apce_short_window_L1
0.029997513477447835,0.04822051050601188,kol,cuda:2,0.6863335503472222,0.041691252286777794,0.15113318747205196,0.06138666030937444,12.188221961958334,3,apce_short_window_L2
0.029997513477447835,0.04822051050601188,kol,cuda:3,0.6863335503472222,0.041691252286777794,0.15113318747205196,0.06138666030937444,12.336787546053529,3,apce_short_window_L4
0.09647847538978527,0.05186789817590561,kol,cuda:2,0.5471937391493056,0.06161244135849883,0.16152516701112718,0.08151435202760954,4.076086175860837,4,aug
0.125508748957864,0.05039975015307241,kol,cuda:3,0.7155287000868056,0.04992894865055928,0.18812058245933952,0.06819896124710301,36.052034992026165,4,bma
0.021422624212694252,0.04058649010161958,kol,cuda:2,0.8204888237847222,0.02877964397245547,0.14686174110086359,0.03956123799734124,39.24334821314551,4,gate21
0.005027435660232338,0.04166478375220476,kol,cuda:3,0.8360595703125,0.029149596913343387,0.15330886978953553,0.039800166561240545,21.736533684888855,4,gate_local
0.02143521683488747,0.040584678017140975,kol,cuda:3,0.8204481336805556,0.028779240594992386,0.14685506859578643,0.03956066489158418,38.397133267018944,4,grid21
0.02143425524184639,0.040610348574734584,kol,cuda:3,0.8215467664930556,0.02877585219886582,0.1471587680694413,0.03955807026848384,39.15395379299298,4,joint21
0.09453622797362426,0.04169808868900243,kol,cuda:2,0.7947116427951388,0.02985027985530568,0.13972848581560401,0.040626938537320814,27.05343059403822,4,joint_local
0.02143521685053773,0.040566085880589506,kol,cuda:3,0.8199666341145834,0.0287798899493793,0.14667349894942733,0.03956016598191189,39.39000226301141,4,locked21
0.0054522432295578405,0.041627328849305256,kol,cuda:2,0.8351711697048612,0.029132184031661887,0.15284239594681856,0.03977607588806538,22.306308248080313,4,locked_local
0.005452242740320079,0.04163692523246414,kol,cuda:2,0.8354627821180556,0.02913638033065919,0.1529684499582665,0.03978221039393876,21.79397565801628,4,native
0.021435216827014325,0.040590309705891864,kol,cuda:2,0.8206922743055556,0.028778050559930768,0.1469218850888485,0.0395593642248854,39.26508534513414,4,snr21
0.029997513477447835,0.04048377117413167,kol,cuda:2,0.8303087022569444,0.028657745325872747,0.15159652158457138,0.03960017403330917,12.150381098035723,4,apce_short_window_L1
0.029997513477447835,0.04048377117362173,kol,cuda:3,0.8303087022569444,0.028657745325558877,0.1515965215837614,0.039600174032752004,12.004515665117651,4,apce_short_window_L2
0.029997513477447835,0.04048377117362173,kol,cuda:2,0.8303087022569444,0.028657745325558877,0.1515965215837614,0.039600174032752004,12.254192958120257,4,apce_short_window_L4
0.013388128160859658,0.17827193168196284,kse,cuda:3,0.3315512447033898,0.28756364813106844,0.5884994435695261,0.3339428350263941,1.471776292892173,0,aug
0.09999999999999987,0.19993116546817477,kse,cuda:2,0.223682468220339,0.47074253472353333,0.4551040520718858,0.5214650574532032,16.594951797975227,0,bma
0.0565797787327873,0.19120741094844815,kse,cuda:3,0.2966929290254237,0.3334056654676375,0.5616756893808823,0.30923113915870176,31.242519789142534,0,gate21
0.03893073668364,0.18579476840953008,kse,cuda:2,0.3626522775423729,0.21676620758705253,0.479108665774813,0.24417129679561442,17.463177992030978,0,gate_local
0.04855394509274191,0.1945298440814148,kse,cuda:2,0.2931011652542373,0.337190002841114,0.567669243785538,0.30318540963106944,32.100560835096985,0,grid21
0.047903673967913285,0.19951052663061283,kse,cuda:2,0.2960308527542373,0.3356870159688734,0.5507769920599108,0.3137673206125745,32.305549590149894,0,joint21
0.010227362728028488,0.19939096410064264,kse,cuda:3,0.3363844014830508,0.2355736051585915,0.46517558624394534,0.26298055404182547,17.11719247396104,0,joint_local
0.027436604958960276,0.19208676634579563,kse,cuda:2,0.2933328919491525,0.33709559155557706,0.5680576289059627,0.29424892687653303,31.94404774904251,0,locked21
0.03650298882633218,0.19729533054230278,kse,cuda:3,0.3229939088983051,0.2743372628510249,0.47778237958242553,0.2955171405502697,16.989535615080968,0,locked_local
0.02346449563962172,0.19064598191384644,kse,cuda:2,0.3456865730932203,0.22685705570651324,0.45855325032815447,0.25453815008169234,17.61210107896477,0,native
0.05286825058672684,0.19516775031385222,kse,cuda:3,0.29296875,0.33781098888374855,0.5670307251402432,0.3059269227938604,31.038702490041032,0,snr21
0.0331833224865683,0.2051018649298028,kse,cuda:2,0.284278998940678,0.41380415834153356,0.5105274901886788,0.4275487972625892,18.85639832285233,0,apce_short_window_L1
0.028425960264526928,0.20710964122220693,kse,cuda:2,0.284278998940678,0.4138041583416473,0.510527490188704,0.45726671564124777,12.664452800992876,0,apce_short_window_L2
0.10000000000000009,0.20640186372473132,kse,cuda:2,0.284278998940678,0.4138041583415789,0.5105274901887197,0.5029760102837658,14.424106028862298,0,apce_short_window_L4
0.0531851523415634,0.02380750924205566,kse,cuda:3,0.2642346398305085,0.12188617735206696,0.12073142112441337,0.2160830940332868,10.450323167955503,1,apce_short_window_L1
0.08812329141029096,0.023741677979588326,kse,cuda:2,0.2541876324152542,0.12483032298657949,0.12066402955711542,0.2339701266175955,10.872686824994162,1,apce_short_window_L2
0.1072491229679029,0.023736366563612138,kse,cuda:3,0.2541876324152542,0.12483032298660322,0.12066402955711385,0.24369027204176907,10.492499844869599,1,apce_short_window_L4
0.027728153134757516,0.011665763739428162,kse,cuda:2,0.761619438559322,0.012977739294845567,0.052543008054442515,0.013946355921870596,10.753216828918085,2,apce_short_window_L1
0.005420275420985554,0.011497993765232218,kse,cuda:3,0.695362155720339,0.014666694509954135,0.052677090896306705,0.015145450895286943,10.464544113026932,2,apce_short_window_L2
0.004179778919326083,0.011339216025253816,kse,cuda:2,0.695362155720339,0.014666778938360086,0.052677099707921636,0.015289680883172565,10.732437623897567,2,apce_short_window_L4
0.019687045833788552,0.3451067460209428,kse,cuda:2,0.2795286016949153,0.6482366677313212,0.8509858500158828,0.7792467987554778,1.6313683718908578,3,aug
0.09999999999999987,0.23769551281487122,kse,cuda:3,0.2145789194915254,0.4971844207223867,0.46855825248147975,0.6296696257819124,16.330924295820296,3,bma
0.021641313899474657,0.2326494841623084,kse,cuda:2,0.3248146186440678,0.495646182892477,0.5961501455707507,0.7020809927777663,32.21987565397285,3,gate21
0.09207172643392303,0.2612621847156124,kse,cuda:3,0.3229773569915254,0.4696258296021628,0.5662200164179229,0.6354921290830681,17.008670695126057,3,gate_local
0.10000000000000009,0.25374573293761565,kse,cuda:3,0.3258739406779661,0.48803681597209114,0.6556916898969537,0.6593143101299644,31.29663461400196,3,grid21
0.10000000000000009,0.38691676970294075,kse,cuda:3,0.14472987288135594,0.8860320814530299,0.4332984940414117,0.9808497898192744,31.72592400899157,3,joint21
0.05485807145086574,0.2929157182180222,kse,cuda:2,0.3804455773305085,0.3414632148871352,0.5843527611137693,0.4972141616792732,17.757120459107682,3,joint_local
0.10000000000000009,0.2754310283676342,kse,cuda:3,0.2890625,0.59297808878638,0.7691455278298562,0.7628828616702222,31.28148381295614,3,locked21
0.10000000000000009,0.2730215902086732,kse,cuda:2,0.2738347457627119,0.6361241232422944,0.5712127314263268,0.7916213549428299,17.48347066086717,3,locked_local
0.10000000000000009,0.2626043480034839,kse,cuda:2,0.3048530190677966,0.5386624095511318,0.5759361998220192,0.7059951009342151,17.486814176896587,3,native
0.10000000000000009,0.2697434912047271,kse,cuda:2,0.22374867584745764,0.6316545345230591,0.644326444953143,0.791609346151865,32.199552232865244,3,snr21
0.10000000000000009,0.3699001198702765,kse,cuda:3,0.15861692266949154,0.8319246305249757,0.5104685654086107,0.9380750861668343,10.555083465995267,3,apce_short_window_L1
0.10000000000000009,0.3143704091338603,kse,cuda:2,0.1945842161016949,0.7866830034825788,0.7174120009101236,0.9219051200952794,10.83153432700783,3,apce_short_window_L2
0.10000000000000009,0.31087826078928166,kse,cuda:3,0.1945842161016949,0.7866830034828206,0.7174120009099741,0.9219051200955655,10.595373579999432,3,apce_short_window_L4
0.22738558291084132,0.02568705313475093,kse,cuda:2,0.2911976959745763,0.10558929441099313,0.10351672487499457,0.13742284428366836,10.841246164869517,4,apce_short_window_L1
0.21895454193285824,0.02581538858705771,kse,cuda:3,0.2322894597457627,0.13479330899183714,0.09885896247324603,0.16552499750948416,10.729801690904424,4,apce_short_window_L2
0.18221887567213058,0.026319875992667146,kse,cuda:2,0.16060315148305085,0.18152855699929152,0.0925128254473453,0.1842892281858366,10.838296787813306,4,apce_short_window_L4
0.10000000000000009,0.46092186901029764,kse,cuda:3,0.10379700741525423,1.1237620974024463,0.44943383521373603,1.071153087307815,1.4644848010502756,6,aug
0.09999999999999987,0.18715738292476697,kse,cuda:2,0.17462261652542374,0.737961551646005,0.4348011646042459,0.807563067318568,16.54873269307427,6,bma
0.009857945165937743,0.16872764486589803,kse,cuda:3,0.3283898305084746,0.39914088387716207,0.5933905307408573,0.438553327762647,31.219129177974537,6,gate21
0.017214971679319513,0.16932974858979444,kse,cuda:2,0.3985533633474576,0.27118650968638547,0.6014972855639396,0.3834555662291166,17.551258808001876,6,gate_local
0.024127699731910646,0.16536126338920515,kse,cuda:2,0.3879766949152542,0.3438409091970375,0.6378104786317195,0.4550839872511175,32.14496907382272,6,grid21
0.06372895981487914,0.16781808460144954,kse,cuda:2,0.4285950741525424,0.35785058484577636,0.6962790186141746,0.4475943371751063,32.19416353618726,6,joint21
0.026035466897145643,0.16889804239885914,kse,cuda:3,0.4314585540254237,0.257932597442718,0.613960443426003,0.3716161445324848,17.277462867088616,6,joint_local
0.06248925151996154,0.17097517011834165,kse,cuda:2,0.3314353813559322,0.3919493468862838,0.58749226288316,0.45610681305072703,32.02388655790128,6,locked21
0.06116924785326927,0.16556312840387105,kse,cuda:3,0.4114804025423729,0.27489712209745365,0.4673456651022024,0.36321868271999597,16.97506422083825,6,locked_local
0.060376624741318885,0.1652732868825344,kse,cuda:3,0.4179025423728814,0.2702286768197289,0.4838948348698494,0.3577789341332729,17.073857575887814,6,native
0.06593508293404815,0.16260109797331648,kse,cuda:3,0.367137844279661,0.3031951271077993,0.45199510376161517,0.3841289304846648,31.33923923014663,6,snr21
0.041738231242715695,0.23145083224160146,kse,cuda:2,0.2573821504237288,0.6360714326090471,0.8444543688596567,0.6865577860070738,1.4913869800511748,9,aug
0.09999999999999987,0.1756602777371754,kse,cuda:3,0.19210143008474576,0.5387567040516605,0.35984769624930313,0.5761024572647883,16.233809583820403,9,bma
0.04565969474800857,0.1818844493803783,kse,cuda:2,0.201122219279661,0.5502872688375697,0.4794786716459752,0.5861305610666311,31.96805541892536,9,gate21
0.01687075918161529,0.1639261606079587,kse,cuda:3,0.2045319120762712,0.5112984132121052,0.48916280979308896,0.5664713872436017,17.07980857999064,9,gate_local
0.03197663474020773,0.22392842638495658,kse,cuda:3,0.1662804555084746,0.6551727032961056,0.4329235701253017,0.5593286687861534,31.022640488110483,9,grid21
0.022078146400699605,0.292779646098299,kse,cuda:3,0.1971828654661017,0.559780812746804,0.4510775048457249,0.6150485896729178,31.46353873400949,9,joint21
0.014818740319678003,0.22169040265091397,kse,cuda:2,0.141651218220339,0.614369080557993,0.46980566156508335,0.6353809138819313,17.54993288614787,9,joint_local
0.027544048312734715,0.2320982327311108,kse,cuda:3,0.20934851694915255,0.521081482902461,0.4863579350165397,0.5530040487998026,30.93901436193846,9,locked21
0.012283302420093678,0.17750965734431512,kse,cuda:2,0.212840969279661,0.4958859166050897,0.5017724322069489,0.5552523602596166,17.63217587582767,9,locked_local
0.018519957012040456,0.17737510365210918,kse,cuda:2,0.2172603283898305,0.4871205054803357,0.4800334962310338,0.548141012129768,17.525193592067808,9,native
0.035317857777501516,0.23540436778719095,kse,cuda:2,0.18653998940677965,0.6112686150967398,0.477815498416529,0.612056830118637,32.02208989812061,9,snr21
0.08029988546844025,0.26221746403476653,kse,cuda:3,0.16106660487288135,0.6238437664216966,0.38948045985043406,0.6932964333816458,1.4586820621043444,12,aug
0.09999999999999987,0.24192133309093558,kse,cuda:2,0.19244902012711865,0.5892274269317481,0.49462751862414195,0.7150965308134166,16.583385050995275,12,bma
0.08808328201341542,0.2880085491758999,kse,cuda:3,0.24854343220338984,0.6356075860057969,0.6107270824789803,0.7203813963547834,31.33299326314591,12,gate21
0.10000000000000009,0.2606085013714642,kse,cuda:2,0.1907607256355932,0.6208634766795231,0.5306607761870923,0.7432833595935882,17.453131627989933,12,gate_local
0.10000000000000009,0.23616290387755348,kse,cuda:2,0.21241061970338984,0.5717569774933107,0.4558065659893912,0.7157779905047698,32.15990734286606,12,grid21
0.10000000000000009,0.2381133498899901,kse,cuda:2,0.21474443855932204,0.5662206205158129,0.47854690676758105,0.7094544683048261,32.29870404000394,12,joint21
0.10000000000000009,0.24625165120203746,kse,cuda:3,0.19367386122881355,0.6209722609379756,0.4028363430581792,0.7526396448372198,17.139164358144626,12,joint_local
0.10000000000000009,0.24014419660849587,kse,cuda:2,0.2292439088983051,0.5680951418236679,0.49655688612858245,0.7096716961339681,32.010513397865,12,locked21
0.0875337570416923,0.24615571355684795,kse,cuda:3,0.1732819120762712,0.5979366816517134,0.40167886259115443,0.7354725372820101,17.00801890809089,12,locked_local
0.10000000000000009,0.24556729585902734,kse,cuda:3,0.1797702595338983,0.5952206284483387,0.40759407466420344,0.7342517829822347,17.09021994122304,12,native
0.10000000000000009,0.2400964680235511,kse,cuda:3,0.22581766419491525,0.5676203515554846,0.49512017402953884,0.7093663793017919,31.37183180102147,12,snr21
0.022735126423192226,0.11770706120266915,l96,cuda:2,0.90654296875,0.4634931821222643,2.8997796301595344,0.28594336962295486,2.630555178038776,0,aug
0.0020000000000000018,0.09392861482803996,l96,cuda:3,0.957490234375,0.3936019450199643,2.859205543127175,0.24776018758469875,3.3515372190158814,0,bma
0.0189612805180584,0.09620594427652272,l96,cuda:2,0.954765625,0.36674688429868596,2.7149793066883774,0.2296606359863999,4.433772215852514,0,gate21
0.003078539357375565,0.09365899580864327,l96,cuda:3,0.952626953125,0.3624467339780756,2.612861573837114,0.22929347732068028,3.8587334789335728,0,gate_local
0.007103573281019904,0.09554246114238674,l96,cuda:3,0.952490234375,0.3645122025451898,2.6164319549547916,0.22872771443997045,4.349047226132825,0,grid21
0.012288524394205802,0.09663343362706928,l96,cuda:3,0.949140625,0.3645585471178061,2.609847295455167,0.2279723870205604,4.624038844835013,0,joint21
0.004829685902103226,0.09366706199367818,l96,cuda:2,0.953525390625,0.3629748260783173,2.636156420600403,0.2294197932339545,4.051323201041669,0,joint_local
0.027324178005014577,0.09774865248667126,l96,cuda:3,0.957255859375,0.3675274382505572,2.804098171263846,0.2304675843574633,4.2610845698509365,0,locked21
0.006981387086561736,0.0938420708920141,l96,cuda:2,0.954306640625,0.36329457271241056,2.6702233163560947,0.22957775524712853,3.6453906770329922,0,locked_local
0.0011817065150207112,0.09357040381620504,l96,cuda:2,0.952138671875,0.3620626130876277,2.5913656578280055,0.22921177200233417,3.803130039945245,0,native
0.015042975756375698,0.09633178562788139,l96,cuda:2,0.95333984375,0.3655574813475822,2.673823677733965,0.22917444982442287,4.617831710958853,0,snr21
0.0023110826631867892,0.1031241933761123,l96,cuda:3,0.950048828125,0.4047819988086618,3.114065219532147,0.2565203346029792,6.409674456110224,0,apce_short_window_L1
0.002456627817266979,0.10288338096562685,l96,cuda:2,0.95029296875,0.4033853731666962,3.117820894618757,0.25583748213200347,1.376855436945334,0,apce_short_window_L2
0.002461590450236306,0.10288416309037056,l96,cuda:3,0.95029296875,0.4033908827720283,3.117838506436282,0.2558529596357645,1.3814087419304997,0,apce_short_window_L4
0.011899678834830396,0.09107506212238467,l96,cuda:3,0.954228515625,0.40706394082716785,2.9694491358761206,0.25327328987767206,2.5647055781446397,1,aug
0.0020000000000000018,0.08581703910666313,l96,cuda:2,0.95775390625,0.37713765558142137,2.818427470943094,0.2411000916553653,3.3786345969419926,1,bma
0.024024538849096944,0.08953588145349578,l96,cuda:3,0.956201171875,0.3705066743920771,2.7349864240621855,0.24006027375797584,4.367942014941946,1,gate21
0.005005657921684031,0.08935465696132042,l96,cuda:2,0.947421875,0.3693369852974093,2.6381215419010005,0.24022101148256053,3.8369684629142284,1,gate_local
0.022203886947788104,0.0894806153976998,l96,cuda:2,0.9551171875,0.3700782677729533,2.7108221440733717,0.23992816757952157,4.279029777040705,1,grid21
0.026515445263863513,0.08991475348275237,l96,cuda:2,0.95765625,0.3713153085287524,2.7789544811215006,0.24028439362019588,4.768328651087359,1,joint21
0.004759039254363398,0.08966632978657019,l96,cuda:3,0.946455078125,0.36954987656335286,2.6276637693559635,0.24023633541857692,3.869421747047454,1,joint_local
0.027619357566538327,0.0904341373765394,l96,cuda:2,0.958056640625,0.3716009072155906,2.792556635113795,0.2406557670364556,4.473473519086838,1,locked21
0.006832029926587879,0.0897122913082376,l96,cuda:3,0.94849609375,0.3700717622064943,2.6685583395768804,0.2405595771374433,3.763355324976146,1,locked_local
0.003191498992067221,0.08921127996002581,l96,cuda:3,0.94564453125,0.36865896793097996,2.6045587540483464,0.23989477316083097,3.72175853792578,1,native
0.022855453909096768,0.08958215942412284,l96,cuda:3,0.9553515625,0.3702114073113779,2.7189512260375586,0.23997514068063458,4.48249381990172,1,snr21
0.001975512770154772,0.09466579762594467,l96,cuda:2,0.954765625,0.3897194303273578,3.1435121008295694,0.25044568872111633,1.3571869619190693,1,apce_short_window_L1
0.0023976760723964513,0.09471637601239122,l96,cuda:3,0.954921875,0.38975779387423776,3.15625460867242,0.25050386242033357,1.373136395122856,1,apce_short_window_L2
0.0024613457090893326,0.09449209637038024,l96,cuda:2,0.955390625,0.3879267881473816,3.158760192514484,0.24995052595152137,1.391083864029497,1,apce_short_window_L4
0.012904598750555177,0.11646781698556659,l96,cuda:2,0.9401171875,0.48094073017921324,3.295306178403704,0.3026788939010302,2.5997773171402514,2,aug
0.0020000000000000018,0.103333310335569,l96,cuda:3,0.94451171875,0.4399730119549752,3.1209179706601957,0.28254839012431343,3.3409401699900627,2,bma
0.022359325063994517,0.10294174452532587,l96,cuda:2,0.93826171875,0.41608781210361945,2.975689463552777,0.26808979381476233,4.549263290828094,2,gate21
0.0023646031283336977,0.10368528548401804,l96,cuda:3,0.93283203125,0.41773245522705393,2.8135197581886437,0.2713368295828212,4.12608359917067,2,gate_local
0.014920785847581886,0.10251193383328282,l96,cuda:3,0.93455078125,0.4141462356079069,2.892058153424179,0.2668087694672866,4.3913293411023915,2,grid21
0.022300118617193,0.1025302156105477,l96,cuda:3,0.93783203125,0.41640807705622135,2.9695274679327497,0.2682839703957176,4.800094113918021,2,joint21
0.00452724778188883,0.10393517459218389,l96,cuda:2,0.9337890625,0.4191977068602394,2.843149307267117,0.2722079079018166,3.9378485279157758,2,joint_local
0.026699512597434777,0.10346321533765025,l96,cuda:3,0.940771484375,0.4156279438911079,3.0190680067885256,0.26826291676272745,4.332542950985953,2,locked21
0.006041168227401056,0.1040237140196129,l96,cuda:2,0.935078125,0.41903723420272465,2.8628419301642456,0.27225081323372197,3.626329666003585,2,locked_local
0.0026519172942041924,0.1035823389876615,l96,cuda:2,0.93037109375,0.41531069310880575,2.763378875194468,0.2699066283991024,3.7572941679973155,2,native
0.01803971759822892,0.1026598839291821,l96,cuda:2,0.936103515625,0.4148642113293464,2.9213818975629744,0.2673036674704838,4.5307714871596545,2,snr21
0.0022081129498160296,0.1039888216481838,l96,cuda:3,0.940615234375,0.42945589912972826,3.299720837370791,0.27530339005601906,1.3869741710368544,2,apce_short_window_L1
0.002447079856316328,0.10386899185357337,l96,cuda:2,0.940908203125,0.4288128545734288,3.3050784824985993,0.2750238506835072,1.3849129769951105,2,apce_short_window_L2
0.0024614793981404953,0.1037665141221962,l96,cuda:3,0.9412109375,0.4284134985948648,3.303951120400431,0.2748698362916098,1.3868064989801496,2,apce_short_window_L4
0.01706404267947001,0.114972593656128,l96,cuda:3,0.93142578125,0.4630484532128334,3.137667236452042,0.29005588426962464,2.6395343539770693,3,aug
0.0020000000000000018,0.10162978561341339,l96,cuda:2,0.952158203125,0.4179582331374602,3.0173402118235,0.26660940771649266,3.3546033629681915,3,bma
0.021018176342394224,0.10491150024365058,l96,cuda:3,0.944580078125,0.4012434924940235,2.871849719836121,0.2573705288796646,4.440657027065754,3,gate21
0.0038832830697869553,0.1032007054513858,l96,cuda:2,0.9371484375,0.4033232280717347,2.746306121892317,0.25988893883267955,4.198100655106828,3,gate_local
0.011441408849647616,0.10491005383414287,l96,cuda:2,0.940537109375,0.3995118494007254,2.7752585203737334,0.2565567443513988,4.318593095988035,3,grid21
0.027122794266910305,0.1052159887165972,l96,cuda:2,0.947548828125,0.4032895829917467,2.966837872284782,0.2585892700973044,4.821548247942701,3,joint21
0.005634499466215387,0.10330784099211338,l96,cuda:3,0.938076171875,0.4037622907083041,2.771876838650812,0.26010298566226203,3.979214668041095,3,joint_local
0.026456934622286488,0.10625881674945543,l96,cuda:2,0.947265625,0.4022727029260293,2.946969575048564,0.258110199393529,4.665353538002819,3,locked21
0.006819815843629007,0.10344489710992438,l96,cuda:3,0.9389453125,0.40389191251795425,2.792185200864276,0.2601813687507473,3.755232292925939,3,locked_local
0.0026595550266687723,0.10307246174108234,l96,cuda:3,0.933740234375,0.4022869030370604,2.6806121079664136,0.2595941419287349,3.7270455840043724,3,native
0.014969089834009852,0.10509646750538165,l96,cuda:3,0.942470703125,0.3999381320754543,2.8059892213684723,0.25678978749681486,4.481928259134293,3,snr21
0.0022657407636316185,0.11099615247488565,l96,cuda:2,0.94494140625,0.4285889412462254,3.2068654397368794,0.27629718487776733,1.3684470378793776,3,apce_short_window_L1
0.0024556473445711685,0.1109116942207951,l96,cuda:3,0.945986328125,0.42716065374900836,3.21434019448717,0.2755723948519561,1.4124892121180892,3,apce_short_window_L2
0.0024615787978122944,0.11061017020615974,l96,cuda:2,0.946826171875,0.42516400183578285,3.214729451524018,0.27447883126563083,1.3757211051415652,3,apce_short_window_L4
0.0010107915951275137,0.10807803513077353,l96,cuda:2,0.957802734375,0.43240194762503364,3.1347224784575913,0.2694501651373551,2.629016013117507,4,aug
0.0020000000000000018,0.10239804186226766,l96,cuda:3,0.953984375,0.4104559650338595,2.9179159278349975,0.25937294857867527,3.3665008458774537,4,bma
0.02025081037376178,0.10485882663393746,l96,cuda:2,0.94953125,0.38809591334325205,2.771633716108216,0.24353664451619872,4.512175993993878,4,gate21
0.004012477269657352,0.10184756492085013,l96,cuda:3,0.947294921875,0.3773912037906133,2.6605831146274017,0.23588840684256046,3.832326815929264,4,gate_local
0.016940502449903833,0.10478490613299579,l96,cuda:3,0.94826171875,0.38766558412385516,2.734165678844646,0.24333947595007116,4.463930977042764,4,grid21
0.010863400099987763,0.10397217910624709,l96,cuda:3,0.94388671875,0.37884797233585815,2.618660367015446,0.23766789057035817,4.667609015014023,4,joint21
0.005338892245988103,0.10173242043909292,l96,cuda:2,0.946513671875,0.3768381566784809,2.657137408186844,0.23551951835635782,3.905709414044395,4,joint_local
0.0279030684149576,0.10491227058401792,l96,cuda:3,0.95333984375,0.38975573871011415,2.869901173642209,0.24489954903006825,4.206882081925869,4,locked21
0.007103062555911033,0.10171100932109017,l96,cuda:2,0.94833984375,0.3772745743744037,2.69770641334443,0.2356298692037545,3.6921852349769324,4,locked_local
0.0036317233057582554,0.10175336548775149,l96,cuda:2,0.94646484375,0.37710064463492626,2.6449189957249644,0.23576306274916603,3.606171485967934,4,native
0.019935484007257448,0.10478738472237424,l96,cuda:2,0.949287109375,0.38794034097158514,2.759675409259968,0.24357702559377278,4.484402483096346,4,snr21
0.00014846773346036124,0.10905089400931411,l96,cuda:3,0.945791015625,0.42798831057463715,3.047905334446602,0.2646540044071895,1.383423238992691,4,apce_short_window_L1
0.002292934257016571,0.10911362400985682,l96,cuda:2,0.945986328125,0.4288990822293181,3.117623575504125,0.2652012362943567,1.4320414860267192,4,apce_short_window_L2
0.0024596939523073014,0.10886584253761761,l96,cuda:3,0.9462890625,0.42738031000552273,3.1239310093595507,0.2644640616708191,1.4029576550237834,4,apce_short_window_L4
